Store's Types;City;DATE;UnitsSold
ECI stores;LA CORUÑA;01/03/2019;2
ECI stores;LA CORUÑA;02/03/2019;81
ECI stores;LA CORUÑA;04/03/2019;42
ECI stores;LA CORUÑA;07/03/2019;57
ECI stores;LA CORUÑA;08/03/2019;33
ECI stores;LA CORUÑA;09/03/2019;48
ECI stores;LA CORUÑA;11/03/2019;24
ECI stores;LA CORUÑA;12/03/2019;0
ECI stores;LA CORUÑA;14/03/2019;24
ECI stores;LA CORUÑA;15/03/2019;0
ECI stores;LA CORUÑA;18/03/2019;57
ECI stores;LA CORUÑA;20/03/2019;24
ECI stores;LA CORUÑA;22/03/2019;33
ECI stores;LA CORUÑA;23/03/2019;81
ECI stores;LA CORUÑA;25/03/2019;33
ECI stores;LA CORUÑA;26/03/2019;2
ECI stores;LA CORUÑA;27/03/2019;-24
ECI stores;LA CORUÑA;28/03/2019;24
ECI stores;LA CORUÑA;29/03/2019;66
ECI stores;LA CORUÑA;30/03/2019;66
ECI stores;LA CORUÑA;01/04/2019;66
ECI stores;LA CORUÑA;02/04/2019;57
ECI stores;LA CORUÑA;03/04/2019;2
ECI stores;LA CORUÑA;04/04/2019;66
ECI stores;LA CORUÑA;06/04/2019;72
ECI stores;LA CORUÑA;09/04/2019;33
ECI stores;LA CORUÑA;10/04/2019;33
ECI stores;LA CORUÑA;11/04/2019;57
ECI stores;LA CORUÑA;12/04/2019;42
ECI stores;LA CORUÑA;13/04/2019;42
ECI stores;LA CORUÑA;15/04/2019;33
ECI stores;LA CORUÑA;16/04/2019;2
ECI stores;LA CORUÑA;17/04/2019;66
ECI stores;LA CORUÑA;18/04/2019;123
ECI stores;LA CORUÑA;20/04/2019;153
ECI stores;ALBACETE;01/03/2019;357
ECI stores;ALBACETE;02/03/2019;405
ECI stores;ALBACETE;04/03/2019;405
ECI stores;ALBACETE;05/03/2019;177
ECI stores;ALBACETE;06/03/2019;252
ECI stores;ALBACETE;07/03/2019;153
ECI stores;ALBACETE;08/03/2019;147
ECI stores;ALBACETE;09/03/2019;333
ECI stores;ALBACETE;11/03/2019;219
ECI stores;ALBACETE;12/03/2019;252
ECI stores;ALBACETE;13/03/2019;234
ECI stores;ALBACETE;14/03/2019;195
ECI stores;ALBACETE;15/03/2019;357
ECI stores;ALBACETE;16/03/2019;477
ECI stores;ALBACETE;18/03/2019;81
ECI stores;ALBACETE;19/03/2019;258
ECI stores;ALBACETE;20/03/2019;228
ECI stores;ALBACETE;21/03/2019;138
ECI stores;ALBACETE;22/03/2019;276
ECI stores;ALBACETE;23/03/2019;528
ECI stores;ALBACETE;25/03/2019;147
ECI stores;ALBACETE;26/03/2019;333
ECI stores;ALBACETE;27/03/2019;324
ECI stores;ALBACETE;28/03/2019;276
ECI stores;ALBACETE;29/03/2019;285
ECI stores;ALBACETE;30/03/2019;462
ECI stores;ALBACETE;01/04/2019;186
ECI stores;ALBACETE;02/04/2019;186
ECI stores;ALBACETE;03/04/2019;234
ECI stores;ALBACETE;04/04/2019;234
ECI stores;ALBACETE;05/04/2019;252
ECI stores;ALBACETE;06/04/2019;381
ECI stores;ALBACETE;08/04/2019;276
ECI stores;ALBACETE;09/04/2019;219
ECI stores;ALBACETE;10/04/2019;447
ECI stores;ALBACETE;11/04/2019;234
ECI stores;ALBACETE;12/04/2019;309
ECI stores;ALBACETE;13/04/2019;495
ECI stores;ALBACETE;15/04/2019;309
ECI stores;ALBACETE;16/04/2019;648
ECI stores;ALBACETE;17/04/2019;510
ECI stores;ALBACETE;18/04/2019;153
ECI stores;ALBACETE;20/04/2019;348
ECI stores;ALGECIRAS;01/03/2019;234
ECI stores;ALGECIRAS;02/03/2019;96
ECI stores;ALGECIRAS;04/03/2019;42
ECI stores;ALGECIRAS;06/03/2019;48
ECI stores;ALGECIRAS;07/03/2019;0
ECI stores;ALGECIRAS;08/03/2019;57
ECI stores;ALGECIRAS;09/03/2019;162
ECI stores;ALGECIRAS;11/03/2019;57
ECI stores;ALGECIRAS;12/03/2019;57
ECI stores;ALGECIRAS;13/03/2019;57
ECI stores;ALGECIRAS;14/03/2019;57
ECI stores;ALGECIRAS;15/03/2019;171
ECI stores;ALGECIRAS;16/03/2019;129
ECI stores;ALGECIRAS;18/03/2019;57
ECI stores;ALGECIRAS;19/03/2019;171
ECI stores;ALGECIRAS;20/03/2019;48
ECI stores;ALGECIRAS;21/03/2019;114
ECI stores;ALGECIRAS;22/03/2019;96
ECI stores;ALGECIRAS;23/03/2019;195
ECI stores;ALGECIRAS;25/03/2019;90
ECI stores;ALGECIRAS;26/03/2019;2
ECI stores;ALGECIRAS;27/03/2019;105
ECI stores;ALGECIRAS;29/03/2019;42
ECI stores;ALGECIRAS;30/03/2019;357
ECI stores;ALGECIRAS;01/04/2019;57
ECI stores;ALGECIRAS;02/04/2019;138
ECI stores;ALGECIRAS;03/04/2019;33
ECI stores;ALGECIRAS;04/04/2019;219
ECI stores;ALGECIRAS;05/04/2019;162
ECI stores;ALGECIRAS;06/04/2019;204
ECI stores;ALGECIRAS;08/04/2019;123
ECI stores;ALGECIRAS;09/04/2019;138
ECI stores;ALGECIRAS;10/04/2019;210
ECI stores;ALGECIRAS;11/04/2019;90
ECI stores;ALGECIRAS;12/04/2019;114
ECI stores;ALGECIRAS;13/04/2019;228
ECI stores;ALGECIRAS;15/04/2019;81
ECI stores;ALGECIRAS;16/04/2019;33
ECI stores;ALGECIRAS;17/04/2019;2
ECI stores;ALGECIRAS;20/04/2019;177
Shopping Center stores;ALICANTE;01/03/2019;657
Shopping Center stores;ALICANTE;02/03/2019;825
Shopping Center stores;ALICANTE;04/03/2019;291
Shopping Center stores;ALICANTE;05/03/2019;210
Shopping Center stores;ALICANTE;06/03/2019;291
Shopping Center stores;ALICANTE;07/03/2019;234
Shopping Center stores;ALICANTE;08/03/2019;534
Shopping Center stores;ALICANTE;09/03/2019;582
Shopping Center stores;ALICANTE;11/03/2019;195
Shopping Center stores;ALICANTE;12/03/2019;285
Shopping Center stores;ALICANTE;13/03/2019;210
Shopping Center stores;ALICANTE;14/03/2019;219
Shopping Center stores;ALICANTE;15/03/2019;291
Shopping Center stores;ALICANTE;16/03/2019;519
Shopping Center stores;ALICANTE;18/03/2019;477
Shopping Center stores;ALICANTE;20/03/2019;204
Shopping Center stores;ALICANTE;21/03/2019;147
Shopping Center stores;ALICANTE;22/03/2019;195
Shopping Center stores;ALICANTE;23/03/2019;348
Shopping Center stores;ALICANTE;25/03/2019;300
Shopping Center stores;ALICANTE;26/03/2019;123
Shopping Center stores;ALICANTE;27/03/2019;138
Shopping Center stores;ALICANTE;28/03/2019;195
Shopping Center stores;ALICANTE;29/03/2019;414
Shopping Center stores;ALICANTE;30/03/2019;462
Shopping Center stores;ALICANTE;01/04/2019;267
Shopping Center stores;ALICANTE;02/04/2019;252
Shopping Center stores;ALICANTE;03/04/2019;228
Shopping Center stores;ALICANTE;04/04/2019;462
Shopping Center stores;ALICANTE;05/04/2019;519
Shopping Center stores;ALICANTE;06/04/2019;558
Shopping Center stores;ALICANTE;08/04/2019;162
Shopping Center stores;ALICANTE;09/04/2019;252
Shopping Center stores;ALICANTE;10/04/2019;372
Shopping Center stores;ALICANTE;11/04/2019;186
Shopping Center stores;ALICANTE;12/04/2019;348
Shopping Center stores;ALICANTE;13/04/2019;714
Shopping Center stores;ALICANTE;14/04/2019;81
Shopping Center stores;ALICANTE;15/04/2019;276
Shopping Center stores;ALICANTE;16/04/2019;324
Shopping Center stores;ALICANTE;17/04/2019;381
Shopping Center stores;ALICANTE;18/04/2019;477
Shopping Center stores;ALICANTE;19/04/2019;501
Shopping Center stores;ALICANTE;20/04/2019;867
Shopping Center stores;ALICANTE;21/04/2019;309
Shopping Center stores;ALMERIA;01/03/2019;729
Shopping Center stores;ALMERIA;02/03/2019;219
Shopping Center stores;ALMERIA;04/03/2019;114
Shopping Center stores;ALMERIA;05/03/2019;81
Shopping Center stores;ALMERIA;06/03/2019;153
Shopping Center stores;ALMERIA;07/03/2019;114
Shopping Center stores;ALMERIA;08/03/2019;228
Shopping Center stores;ALMERIA;09/03/2019;396
Shopping Center stores;ALMERIA;11/03/2019;138
Shopping Center stores;ALMERIA;12/03/2019;57
Shopping Center stores;ALMERIA;13/03/2019;33
Shopping Center stores;ALMERIA;14/03/2019;42
Shopping Center stores;ALMERIA;15/03/2019;2
Shopping Center stores;ALMERIA;16/03/2019;309
Shopping Center stores;ALMERIA;18/03/2019;123
Shopping Center stores;ALMERIA;19/03/2019;42
Shopping Center stores;ALMERIA;21/03/2019;81
Shopping Center stores;ALMERIA;22/03/2019;57
Shopping Center stores;ALMERIA;23/03/2019;177
Shopping Center stores;ALMERIA;25/03/2019;24
Shopping Center stores;ALMERIA;26/03/2019;2
Shopping Center stores;ALMERIA;27/03/2019;2
Shopping Center stores;ALMERIA;28/03/2019;90
Shopping Center stores;ALMERIA;29/03/2019;177
Shopping Center stores;ALMERIA;30/03/2019;501
Shopping Center stores;ALMERIA;01/04/2019;186
Shopping Center stores;ALMERIA;02/04/2019;129
Shopping Center stores;ALMERIA;03/04/2019;96
Shopping Center stores;ALMERIA;04/04/2019;96
Shopping Center stores;ALMERIA;05/04/2019;129
Shopping Center stores;ALMERIA;06/04/2019;234
Shopping Center stores;ALMERIA;08/04/2019;81
Shopping Center stores;ALMERIA;09/04/2019;57
Shopping Center stores;ALMERIA;10/04/2019;309
Shopping Center stores;ALMERIA;11/04/2019;204
Shopping Center stores;ALMERIA;12/04/2019;177
Shopping Center stores;ALMERIA;13/04/2019;267
Shopping Center stores;ALMERIA;15/04/2019;300
Shopping Center stores;ALMERIA;16/04/2019;258
Shopping Center stores;ALMERIA;17/04/2019;258
Shopping Center stores;ALMERIA;20/04/2019;300
Shopping Center stores;AVILA;01/03/2019;429
Shopping Center stores;AVILA;02/03/2019;420
Shopping Center stores;AVILA;04/03/2019;420
Shopping Center stores;AVILA;05/03/2019;339
Shopping Center stores;AVILA;06/03/2019;162
Shopping Center stores;AVILA;07/03/2019;333
Shopping Center stores;AVILA;08/03/2019;639
Shopping Center stores;AVILA;09/03/2019;558
Shopping Center stores;AVILA;11/03/2019;114
Shopping Center stores;AVILA;12/03/2019;210
Shopping Center stores;AVILA;13/03/2019;204
Shopping Center stores;AVILA;14/03/2019;90
Shopping Center stores;AVILA;15/03/2019;243
Shopping Center stores;AVILA;16/03/2019;300
Shopping Center stores;AVILA;17/03/2019;66
Shopping Center stores;AVILA;18/03/2019;153
Shopping Center stores;AVILA;19/03/2019;123
Shopping Center stores;AVILA;20/03/2019;204
Shopping Center stores;AVILA;21/03/2019;234
Shopping Center stores;AVILA;22/03/2019;129
Shopping Center stores;AVILA;23/03/2019;234
Shopping Center stores;AVILA;25/03/2019;114
Shopping Center stores;AVILA;26/03/2019;366
Shopping Center stores;AVILA;27/03/2019;204
Shopping Center stores;AVILA;28/03/2019;105
Shopping Center stores;AVILA;29/03/2019;396
Shopping Center stores;AVILA;30/03/2019;420
Shopping Center stores;AVILA;01/04/2019;123
Shopping Center stores;AVILA;02/04/2019;291
Shopping Center stores;AVILA;03/04/2019;219
Shopping Center stores;AVILA;04/04/2019;258
Shopping Center stores;AVILA;05/04/2019;333
Shopping Center stores;AVILA;06/04/2019;315
Shopping Center stores;AVILA;08/04/2019;219
Shopping Center stores;AVILA;09/04/2019;381
Shopping Center stores;AVILA;10/04/2019;243
Shopping Center stores;AVILA;11/04/2019;333
Shopping Center stores;AVILA;12/04/2019;381
Shopping Center stores;AVILA;13/04/2019;567
Shopping Center stores;AVILA;15/04/2019;219
Shopping Center stores;AVILA;16/04/2019;777
Shopping Center stores;AVILA;17/04/2019;396
Shopping Center stores;AVILA;18/04/2019;210
Shopping Center stores;AVILA;20/04/2019;381
Shopping Center stores;AVILA;21/04/2019;162
ECI stores;BADAJOZ;01/03/2019;285
ECI stores;BADAJOZ;02/03/2019;171
ECI stores;BADAJOZ;03/03/2019;33
ECI stores;BADAJOZ;04/03/2019;153
ECI stores;BADAJOZ;06/03/2019;147
ECI stores;BADAJOZ;07/03/2019;72
ECI stores;BADAJOZ;08/03/2019;162
ECI stores;BADAJOZ;09/03/2019;195
ECI stores;BADAJOZ;11/03/2019;138
ECI stores;BADAJOZ;12/03/2019;171
ECI stores;BADAJOZ;13/03/2019;48
ECI stores;BADAJOZ;14/03/2019;66
ECI stores;BADAJOZ;15/03/2019;147
ECI stores;BADAJOZ;16/03/2019;291
ECI stores;BADAJOZ;18/03/2019;57
ECI stores;BADAJOZ;19/03/2019;129
ECI stores;BADAJOZ;20/03/2019;90
ECI stores;BADAJOZ;21/03/2019;123
ECI stores;BADAJOZ;22/03/2019;114
ECI stores;BADAJOZ;23/03/2019;357
ECI stores;BADAJOZ;26/03/2019;57
ECI stores;BADAJOZ;27/03/2019;81
ECI stores;BADAJOZ;28/03/2019;114
ECI stores;BADAJOZ;29/03/2019;195
ECI stores;BADAJOZ;30/03/2019;234
ECI stores;BADAJOZ;01/04/2019;114
ECI stores;BADAJOZ;02/04/2019;105
ECI stores;BADAJOZ;03/04/2019;96
ECI stores;BADAJOZ;04/04/2019;66
ECI stores;BADAJOZ;05/04/2019;138
ECI stores;BADAJOZ;06/04/2019;324
ECI stores;BADAJOZ;07/04/2019;81
ECI stores;BADAJOZ;08/04/2019;48
ECI stores;BADAJOZ;09/04/2019;114
ECI stores;BADAJOZ;10/04/2019;114
ECI stores;BADAJOZ;11/04/2019;153
ECI stores;BADAJOZ;12/04/2019;204
ECI stores;BADAJOZ;13/04/2019;309
ECI stores;BADAJOZ;15/04/2019;153
ECI stores;BADAJOZ;16/04/2019;252
ECI stores;BADAJOZ;17/04/2019;138
ECI stores;BADAJOZ;18/04/2019;153
ECI stores;BADAJOZ;20/04/2019;147
ECI stores;BARCELONA;01/03/2019;219
ECI stores;BARCELONA;02/03/2019;252
ECI stores;BARCELONA;04/03/2019;171
ECI stores;BARCELONA;05/03/2019;114
ECI stores;BARCELONA;06/03/2019;90
ECI stores;BARCELONA;07/03/2019;123
ECI stores;BARCELONA;08/03/2019;186
ECI stores;BARCELONA;09/03/2019;210
ECI stores;BARCELONA;11/03/2019;48
ECI stores;BARCELONA;12/03/2019;48
ECI stores;BARCELONA;13/03/2019;33
ECI stores;BARCELONA;15/03/2019;129
ECI stores;BARCELONA;16/03/2019;252
ECI stores;BARCELONA;18/03/2019;90
ECI stores;BARCELONA;19/03/2019;66
ECI stores;BARCELONA;20/03/2019;57
ECI stores;BARCELONA;21/03/2019;96
ECI stores;BARCELONA;22/03/2019;123
ECI stores;BARCELONA;23/03/2019;381
ECI stores;BARCELONA;25/03/2019;90
ECI stores;BARCELONA;26/03/2019;105
ECI stores;BARCELONA;27/03/2019;42
ECI stores;BARCELONA;28/03/2019;162
ECI stores;BARCELONA;29/03/2019;129
ECI stores;BARCELONA;30/03/2019;228
ECI stores;BARCELONA;01/04/2019;2
ECI stores;BARCELONA;02/04/2019;72
ECI stores;BARCELONA;03/04/2019;186
ECI stores;BARCELONA;04/04/2019;195
ECI stores;BARCELONA;05/04/2019;105
ECI stores;BARCELONA;06/04/2019;357
ECI stores;BARCELONA;08/04/2019;66
ECI stores;BARCELONA;09/04/2019;48
ECI stores;BARCELONA;10/04/2019;114
ECI stores;BARCELONA;11/04/2019;66
ECI stores;BARCELONA;12/04/2019;186
ECI stores;BARCELONA;13/04/2019;267
ECI stores;BARCELONA;15/04/2019;66
ECI stores;BARCELONA;16/04/2019;315
ECI stores;BARCELONA;17/04/2019;57
ECI stores;BARCELONA;18/04/2019;171
ECI stores;BARCELONA;20/04/2019;81
ECI stores;BURGOS;01/03/2019;105
ECI stores;BURGOS;02/03/2019;72
ECI stores;BURGOS;04/03/2019;66
ECI stores;BURGOS;05/03/2019;33
ECI stores;BURGOS;06/03/2019;33
ECI stores;BURGOS;07/03/2019;33
ECI stores;BURGOS;08/03/2019;2
ECI stores;BURGOS;09/03/2019;138
ECI stores;BURGOS;11/03/2019;57
ECI stores;BURGOS;12/03/2019;81
ECI stores;BURGOS;13/03/2019;33
ECI stores;BURGOS;14/03/2019;48
ECI stores;BURGOS;15/03/2019;90
ECI stores;BURGOS;16/03/2019;57
ECI stores;BURGOS;18/03/2019;48
ECI stores;BURGOS;19/03/2019;2
ECI stores;BURGOS;20/03/2019;66
ECI stores;BURGOS;21/03/2019;24
ECI stores;BURGOS;22/03/2019;48
ECI stores;BURGOS;23/03/2019;33
ECI stores;BURGOS;25/03/2019;72
ECI stores;BURGOS;26/03/2019;24
ECI stores;BURGOS;27/03/2019;48
ECI stores;BURGOS;28/03/2019;96
ECI stores;BURGOS;30/03/2019;42
ECI stores;BURGOS;01/04/2019;24
ECI stores;BURGOS;02/04/2019;81
ECI stores;BURGOS;03/04/2019;2
ECI stores;BURGOS;04/04/2019;57
ECI stores;BURGOS;05/04/2019;33
ECI stores;BURGOS;06/04/2019;2
ECI stores;BURGOS;08/04/2019;42
ECI stores;BURGOS;09/04/2019;66
ECI stores;BURGOS;10/04/2019;96
ECI stores;BURGOS;11/04/2019;57
ECI stores;BURGOS;12/04/2019;48
ECI stores;BURGOS;13/04/2019;81
ECI stores;BURGOS;15/04/2019;2
ECI stores;BURGOS;17/04/2019;66
ECI stores;BURGOS;20/04/2019;96
ECI stores;BURGOS;21/04/2019;0
Shopping Center stores;CACERES;01/03/2019;243
Shopping Center stores;CACERES;02/03/2019;663
Shopping Center stores;CACERES;03/03/2019;129
Shopping Center stores;CACERES;04/03/2019;153
Shopping Center stores;CACERES;05/03/2019;267
Shopping Center stores;CACERES;06/03/2019;153
Shopping Center stores;CACERES;07/03/2019;210
Shopping Center stores;CACERES;08/03/2019;396
Shopping Center stores;CACERES;09/03/2019;348
Shopping Center stores;CACERES;11/03/2019;129
Shopping Center stores;CACERES;12/03/2019;48
Shopping Center stores;CACERES;13/03/2019;252
Shopping Center stores;CACERES;14/03/2019;177
Shopping Center stores;CACERES;15/03/2019;186
Shopping Center stores;CACERES;16/03/2019;324
Shopping Center stores;CACERES;18/03/2019;162
Shopping Center stores;CACERES;19/03/2019;153
Shopping Center stores;CACERES;20/03/2019;195
Shopping Center stores;CACERES;21/03/2019;114
Shopping Center stores;CACERES;22/03/2019;186
Shopping Center stores;CACERES;23/03/2019;204
Shopping Center stores;CACERES;25/03/2019;219
Shopping Center stores;CACERES;26/03/2019;96
Shopping Center stores;CACERES;27/03/2019;114
Shopping Center stores;CACERES;28/03/2019;153
Shopping Center stores;CACERES;29/03/2019;252
Shopping Center stores;CACERES;30/03/2019;219
Shopping Center stores;CACERES;01/04/2019;90
Shopping Center stores;CACERES;02/04/2019;90
Shopping Center stores;CACERES;03/04/2019;90
Shopping Center stores;CACERES;04/04/2019;123
Shopping Center stores;CACERES;05/04/2019;210
Shopping Center stores;CACERES;06/04/2019;366
Shopping Center stores;CACERES;07/04/2019;147
Shopping Center stores;CACERES;08/04/2019;162
Shopping Center stores;CACERES;09/04/2019;243
Shopping Center stores;CACERES;10/04/2019;147
Shopping Center stores;CACERES;11/04/2019;267
Shopping Center stores;CACERES;12/04/2019;177
Shopping Center stores;CACERES;13/04/2019;315
Shopping Center stores;CACERES;15/04/2019;177
Shopping Center stores;CACERES;16/04/2019;477
Shopping Center stores;CACERES;17/04/2019;420
Shopping Center stores;CACERES;18/04/2019;123
Shopping Center stores;CACERES;20/04/2019;228
ECI stores;CADIZ;01/03/2019;72
ECI stores;CADIZ;02/03/2019;57
ECI stores;CADIZ;05/03/2019;123
ECI stores;CADIZ;06/03/2019;24
ECI stores;CADIZ;07/03/2019;48
ECI stores;CADIZ;08/03/2019;48
ECI stores;CADIZ;09/03/2019;66
ECI stores;CADIZ;11/03/2019;33
ECI stores;CADIZ;12/03/2019;42
ECI stores;CADIZ;13/03/2019;138
ECI stores;CADIZ;14/03/2019;33
ECI stores;CADIZ;15/03/2019;228
ECI stores;CADIZ;16/03/2019;276
ECI stores;CADIZ;18/03/2019;72
ECI stores;CADIZ;19/03/2019;33
ECI stores;CADIZ;20/03/2019;66
ECI stores;CADIZ;21/03/2019;33
ECI stores;CADIZ;22/03/2019;114
ECI stores;CADIZ;23/03/2019;129
ECI stores;CADIZ;25/03/2019;66
ECI stores;CADIZ;26/03/2019;48
ECI stores;CADIZ;27/03/2019;42
ECI stores;CADIZ;28/03/2019;96
ECI stores;CADIZ;29/03/2019;48
ECI stores;CADIZ;30/03/2019;300
ECI stores;CADIZ;01/04/2019;105
ECI stores;CADIZ;02/04/2019;90
ECI stores;CADIZ;03/04/2019;114
ECI stores;CADIZ;04/04/2019;57
ECI stores;CADIZ;05/04/2019;96
ECI stores;CADIZ;06/04/2019;228
ECI stores;CADIZ;08/04/2019;96
ECI stores;CADIZ;09/04/2019;42
ECI stores;CADIZ;10/04/2019;66
ECI stores;CADIZ;11/04/2019;72
ECI stores;CADIZ;12/04/2019;129
ECI stores;CADIZ;13/04/2019;186
ECI stores;CADIZ;15/04/2019;186
ECI stores;CADIZ;16/04/2019;72
ECI stores;CADIZ;17/04/2019;153
ECI stores;CADIZ;20/04/2019;252
ECI stores;CARTAGENA;01/03/2019;324
ECI stores;CARTAGENA;02/03/2019;624
ECI stores;CARTAGENA;03/03/2019;462
ECI stores;CARTAGENA;04/03/2019;129
ECI stores;CARTAGENA;05/03/2019;243
ECI stores;CARTAGENA;06/03/2019;276
ECI stores;CARTAGENA;07/03/2019;105
ECI stores;CARTAGENA;08/03/2019;339
ECI stores;CARTAGENA;09/03/2019;420
ECI stores;CARTAGENA;10/03/2019;291
ECI stores;CARTAGENA;11/03/2019;123
ECI stores;CARTAGENA;12/03/2019;72
ECI stores;CARTAGENA;13/03/2019;204
ECI stores;CARTAGENA;14/03/2019;204
ECI stores;CARTAGENA;15/03/2019;405
ECI stores;CARTAGENA;16/03/2019;567
ECI stores;CARTAGENA;17/03/2019;210
ECI stores;CARTAGENA;18/03/2019;285
ECI stores;CARTAGENA;19/03/2019;153
ECI stores;CARTAGENA;20/03/2019;138
ECI stores;CARTAGENA;21/03/2019;177
ECI stores;CARTAGENA;22/03/2019;276
ECI stores;CARTAGENA;23/03/2019;252
ECI stores;CARTAGENA;24/03/2019;300
ECI stores;CARTAGENA;25/03/2019;195
ECI stores;CARTAGENA;26/03/2019;243
ECI stores;CARTAGENA;27/03/2019;267
ECI stores;CARTAGENA;28/03/2019;243
ECI stores;CARTAGENA;29/03/2019;438
ECI stores;CARTAGENA;30/03/2019;438
ECI stores;CARTAGENA;31/03/2019;876
ECI stores;CARTAGENA;01/04/2019;291
ECI stores;CARTAGENA;02/04/2019;138
ECI stores;CARTAGENA;03/04/2019;438
ECI stores;CARTAGENA;04/04/2019;276
ECI stores;CARTAGENA;05/04/2019;300
ECI stores;CARTAGENA;06/04/2019;333
ECI stores;CARTAGENA;07/04/2019;366
ECI stores;CARTAGENA;08/04/2019;162
ECI stores;CARTAGENA;09/04/2019;258
ECI stores;CARTAGENA;10/04/2019;501
ECI stores;CARTAGENA;11/04/2019;366
ECI stores;CARTAGENA;12/04/2019;291
ECI stores;CARTAGENA;13/04/2019;576
ECI stores;CARTAGENA;14/04/2019;333
ECI stores;CARTAGENA;15/04/2019;438
ECI stores;CARTAGENA;16/04/2019;258
ECI stores;CARTAGENA;17/04/2019;429
ECI stores;CARTAGENA;18/04/2019;510
ECI stores;CARTAGENA;19/04/2019;438
ECI stores;CARTAGENA;20/04/2019;357
ECI stores;CARTAGENA;21/04/2019;276
ECI stores;CASTELLON;01/03/2019;324
ECI stores;CASTELLON;02/03/2019;906
ECI stores;CASTELLON;04/03/2019;285
ECI stores;CASTELLON;05/03/2019;276
ECI stores;CASTELLON;06/03/2019;267
ECI stores;CASTELLON;07/03/2019;219
ECI stores;CASTELLON;08/03/2019;252
ECI stores;CASTELLON;09/03/2019;624
ECI stores;CASTELLON;11/03/2019;333
ECI stores;CASTELLON;12/03/2019;285
ECI stores;CASTELLON;13/03/2019;228
ECI stores;CASTELLON;14/03/2019;477
ECI stores;CASTELLON;15/03/2019;372
ECI stores;CASTELLON;16/03/2019;681
ECI stores;CASTELLON;18/03/2019;381
ECI stores;CASTELLON;20/03/2019;333
ECI stores;CASTELLON;21/03/2019;252
ECI stores;CASTELLON;22/03/2019;234
ECI stores;CASTELLON;23/03/2019;471
ECI stores;CASTELLON;26/03/2019;315
ECI stores;CASTELLON;27/03/2019;414
ECI stores;CASTELLON;28/03/2019;624
ECI stores;CASTELLON;29/03/2019;486
ECI stores;CASTELLON;30/03/2019;462
ECI stores;CASTELLON;01/04/2019;219
ECI stores;CASTELLON;02/04/2019;300
ECI stores;CASTELLON;03/04/2019;228
ECI stores;CASTELLON;04/04/2019;228
ECI stores;CASTELLON;05/04/2019;267
ECI stores;CASTELLON;06/04/2019;744
ECI stores;CASTELLON;08/04/2019;162
ECI stores;CASTELLON;09/04/2019;195
ECI stores;CASTELLON;10/04/2019;453
ECI stores;CASTELLON;11/04/2019;462
ECI stores;CASTELLON;12/04/2019;690
ECI stores;CASTELLON;13/04/2019;777
ECI stores;CASTELLON;14/04/2019;105
ECI stores;CASTELLON;15/04/2019;390
ECI stores;CASTELLON;16/04/2019;405
ECI stores;CASTELLON;17/04/2019;519
ECI stores;CASTELLON;18/04/2019;624
ECI stores;CASTELLON;19/04/2019;720
ECI stores;CASTELLON;20/04/2019;471
ECI stores;CASTELLON;21/04/2019;300
ECI stores;CORDOBA;01/03/2019;714
ECI stores;CORDOBA;02/03/2019;738
ECI stores;CORDOBA;04/03/2019;210
ECI stores;CORDOBA;05/03/2019;372
ECI stores;CORDOBA;06/03/2019;396
ECI stores;CORDOBA;07/03/2019;414
ECI stores;CORDOBA;08/03/2019;309
ECI stores;CORDOBA;09/03/2019;810
ECI stores;CORDOBA;11/03/2019;420
ECI stores;CORDOBA;12/03/2019;219
ECI stores;CORDOBA;13/03/2019;309
ECI stores;CORDOBA;14/03/2019;477
ECI stores;CORDOBA;15/03/2019;663
ECI stores;CORDOBA;16/03/2019;834
ECI stores;CORDOBA;18/03/2019;291
ECI stores;CORDOBA;19/03/2019;396
ECI stores;CORDOBA;20/03/2019;276
ECI stores;CORDOBA;21/03/2019;210
ECI stores;CORDOBA;22/03/2019;615
ECI stores;CORDOBA;23/03/2019;825
ECI stores;CORDOBA;25/03/2019;339
ECI stores;CORDOBA;26/03/2019;309
ECI stores;CORDOBA;27/03/2019;333
ECI stores;CORDOBA;28/03/2019;177
ECI stores;CORDOBA;29/03/2019;285
ECI stores;CORDOBA;30/03/2019;957
ECI stores;CORDOBA;01/04/2019;285
ECI stores;CORDOBA;02/04/2019;123
ECI stores;CORDOBA;03/04/2019;333
ECI stores;CORDOBA;04/04/2019;186
ECI stores;CORDOBA;05/04/2019;438
ECI stores;CORDOBA;06/04/2019;1095
ECI stores;CORDOBA;08/04/2019;396
ECI stores;CORDOBA;09/04/2019;447
ECI stores;CORDOBA;10/04/2019;510
ECI stores;CORDOBA;11/04/2019;519
ECI stores;CORDOBA;12/04/2019;486
ECI stores;CORDOBA;13/04/2019;753
ECI stores;CORDOBA;15/04/2019;324
ECI stores;CORDOBA;16/04/2019;420
ECI stores;CORDOBA;17/04/2019;420
ECI stores;CORDOBA;20/04/2019;609
ECI stores;ELCHE;01/03/2019;72
ECI stores;ELCHE;02/03/2019;72
ECI stores;ELCHE;04/03/2019;90
ECI stores;ELCHE;05/03/2019;2
ECI stores;ELCHE;06/03/2019;48
ECI stores;ELCHE;07/03/2019;33
ECI stores;ELCHE;08/03/2019;57
ECI stores;ELCHE;09/03/2019;123
ECI stores;ELCHE;11/03/2019;81
ECI stores;ELCHE;12/03/2019;48
ECI stores;ELCHE;13/03/2019;96
ECI stores;ELCHE;14/03/2019;147
ECI stores;ELCHE;15/03/2019;123
ECI stores;ELCHE;16/03/2019;195
ECI stores;ELCHE;18/03/2019;90
ECI stores;ELCHE;20/03/2019;-24
ECI stores;ELCHE;21/03/2019;33
ECI stores;ELCHE;22/03/2019;90
ECI stores;ELCHE;23/03/2019;210
ECI stores;ELCHE;25/03/2019;24
ECI stores;ELCHE;26/03/2019;33
ECI stores;ELCHE;27/03/2019;57
ECI stores;ELCHE;28/03/2019;171
ECI stores;ELCHE;29/03/2019;210
ECI stores;ELCHE;30/03/2019;177
ECI stores;ELCHE;01/04/2019;2
ECI stores;ELCHE;03/04/2019;147
ECI stores;ELCHE;04/04/2019;81
ECI stores;ELCHE;05/04/2019;81
ECI stores;ELCHE;06/04/2019;204
ECI stores;ELCHE;08/04/2019;66
ECI stores;ELCHE;09/04/2019;42
ECI stores;ELCHE;10/04/2019;72
ECI stores;ELCHE;11/04/2019;129
ECI stores;ELCHE;12/04/2019;177
ECI stores;ELCHE;13/04/2019;186
ECI stores;ELCHE;16/04/2019;66
ECI stores;ELCHE;17/04/2019;114
ECI stores;ELCHE;18/04/2019;105
ECI stores;ELCHE;19/04/2019;81
ECI stores;ELCHE;20/04/2019;177
ECI stores;ELCHE;21/04/2019;57
Street stores;GIJON;01/03/2019;1053
Street stores;GIJON;02/03/2019;1149
Street stores;GIJON;04/03/2019;705
Street stores;GIJON;06/03/2019;681
Street stores;GIJON;07/03/2019;705
Street stores;GIJON;08/03/2019;663
Street stores;GIJON;09/03/2019;825
Street stores;GIJON;11/03/2019;558
Street stores;GIJON;12/03/2019;591
Street stores;GIJON;13/03/2019;243
Street stores;GIJON;14/03/2019;372
Street stores;GIJON;15/03/2019;396
Street stores;GIJON;16/03/2019;624
Street stores;GIJON;18/03/2019;438
Street stores;GIJON;19/03/2019;405
Street stores;GIJON;20/03/2019;486
Street stores;GIJON;21/03/2019;462
Street stores;GIJON;22/03/2019;657
Street stores;GIJON;23/03/2019;972
Street stores;GIJON;25/03/2019;447
Street stores;GIJON;26/03/2019;333
Street stores;GIJON;27/03/2019;552
Street stores;GIJON;28/03/2019;471
Street stores;GIJON;29/03/2019;471
Street stores;GIJON;30/03/2019;948
Street stores;GIJON;01/04/2019;576
Street stores;GIJON;02/04/2019;471
Street stores;GIJON;03/04/2019;534
Street stores;GIJON;04/04/2019;501
Street stores;GIJON;05/04/2019;657
Street stores;GIJON;06/04/2019;987
Street stores;GIJON;08/04/2019;672
Street stores;GIJON;09/04/2019;705
Street stores;GIJON;10/04/2019;1068
Street stores;GIJON;11/04/2019;558
Street stores;GIJON;12/04/2019;1119
Street stores;GIJON;13/04/2019;1572
Street stores;GIJON;15/04/2019;738
Street stores;GIJON;16/04/2019;939
Street stores;GIJON;17/04/2019;981
Street stores;GIJON;18/04/2019;738
Street stores;GIJON;20/04/2019;1305
ECI stores;GIRONA;01/03/2019;105
ECI stores;GIRONA;02/03/2019;147
ECI stores;GIRONA;04/03/2019;129
ECI stores;GIRONA;05/03/2019;42
ECI stores;GIRONA;06/03/2019;42
ECI stores;GIRONA;07/03/2019;33
ECI stores;GIRONA;08/03/2019;81
ECI stores;GIRONA;09/03/2019;90
ECI stores;GIRONA;11/03/2019;2
ECI stores;GIRONA;12/03/2019;81
ECI stores;GIRONA;13/03/2019;90
ECI stores;GIRONA;14/03/2019;90
ECI stores;GIRONA;15/03/2019;72
ECI stores;GIRONA;16/03/2019;162
ECI stores;GIRONA;18/03/2019;66
ECI stores;GIRONA;19/03/2019;72
ECI stores;GIRONA;20/03/2019;48
ECI stores;GIRONA;21/03/2019;105
ECI stores;GIRONA;22/03/2019;105
ECI stores;GIRONA;23/03/2019;81
ECI stores;GIRONA;25/03/2019;48
ECI stores;GIRONA;26/03/2019;48
ECI stores;GIRONA;27/03/2019;57
ECI stores;GIRONA;28/03/2019;96
ECI stores;GIRONA;29/03/2019;153
ECI stores;GIRONA;30/03/2019;228
ECI stores;GIRONA;01/04/2019;81
ECI stores;GIRONA;02/04/2019;24
ECI stores;GIRONA;03/04/2019;123
ECI stores;GIRONA;04/04/2019;2
ECI stores;GIRONA;05/04/2019;177
ECI stores;GIRONA;06/04/2019;252
ECI stores;GIRONA;08/04/2019;96
ECI stores;GIRONA;09/04/2019;105
ECI stores;GIRONA;10/04/2019;147
ECI stores;GIRONA;11/04/2019;90
ECI stores;GIRONA;12/04/2019;96
ECI stores;GIRONA;13/04/2019;234
ECI stores;GIRONA;15/04/2019;66
ECI stores;GIRONA;16/04/2019;24
ECI stores;GIRONA;17/04/2019;147
ECI stores;GIRONA;18/04/2019;147
ECI stores;GIRONA;20/04/2019;204
ECI stores;GRANADA;01/03/2019;114
ECI stores;GRANADA;02/03/2019;210
ECI stores;GRANADA;04/03/2019;171
ECI stores;GRANADA;06/03/2019;48
ECI stores;GRANADA;07/03/2019;48
ECI stores;GRANADA;08/03/2019;42
ECI stores;GRANADA;09/03/2019;96
ECI stores;GRANADA;11/03/2019;90
ECI stores;GRANADA;12/03/2019;81
ECI stores;GRANADA;13/03/2019;57
ECI stores;GRANADA;14/03/2019;42
ECI stores;GRANADA;15/03/2019;33
ECI stores;GRANADA;16/03/2019;129
ECI stores;GRANADA;18/03/2019;72
ECI stores;GRANADA;19/03/2019;66
ECI stores;GRANADA;20/03/2019;0
ECI stores;GRANADA;21/03/2019;33
ECI stores;GRANADA;22/03/2019;66
ECI stores;GRANADA;23/03/2019;138
ECI stores;GRANADA;25/03/2019;57
ECI stores;GRANADA;26/03/2019;42
ECI stores;GRANADA;27/03/2019;57
ECI stores;GRANADA;28/03/2019;66
ECI stores;GRANADA;29/03/2019;42
ECI stores;GRANADA;30/03/2019;258
ECI stores;GRANADA;01/04/2019;57
ECI stores;GRANADA;02/04/2019;66
ECI stores;GRANADA;03/04/2019;90
ECI stores;GRANADA;04/04/2019;72
ECI stores;GRANADA;05/04/2019;72
ECI stores;GRANADA;06/04/2019;219
ECI stores;GRANADA;08/04/2019;90
ECI stores;GRANADA;09/04/2019;24
ECI stores;GRANADA;10/04/2019;114
ECI stores;GRANADA;11/04/2019;66
ECI stores;GRANADA;12/04/2019;138
ECI stores;GRANADA;13/04/2019;195
ECI stores;GRANADA;15/04/2019;243
ECI stores;GRANADA;16/04/2019;147
ECI stores;GRANADA;17/04/2019;42
ECI stores;GRANADA;20/04/2019;258
ECI stores;HUELVA;01/03/2019;81
ECI stores;HUELVA;02/03/2019;96
ECI stores;HUELVA;04/03/2019;72
ECI stores;HUELVA;05/03/2019;81
ECI stores;HUELVA;06/03/2019;42
ECI stores;HUELVA;07/03/2019;42
ECI stores;HUELVA;08/03/2019;2
ECI stores;HUELVA;09/03/2019;138
ECI stores;HUELVA;11/03/2019;72
ECI stores;HUELVA;12/03/2019;90
ECI stores;HUELVA;13/03/2019;66
ECI stores;HUELVA;14/03/2019;66
ECI stores;HUELVA;15/03/2019;114
ECI stores;HUELVA;16/03/2019;81
ECI stores;HUELVA;18/03/2019;66
ECI stores;HUELVA;19/03/2019;96
ECI stores;HUELVA;20/03/2019;147
ECI stores;HUELVA;21/03/2019;24
ECI stores;HUELVA;22/03/2019;204
ECI stores;HUELVA;23/03/2019;219
ECI stores;HUELVA;25/03/2019;42
ECI stores;HUELVA;26/03/2019;90
ECI stores;HUELVA;27/03/2019;147
ECI stores;HUELVA;28/03/2019;72
ECI stores;HUELVA;29/03/2019;171
ECI stores;HUELVA;30/03/2019;114
ECI stores;HUELVA;01/04/2019;72
ECI stores;HUELVA;02/04/2019;210
ECI stores;HUELVA;03/04/2019;129
ECI stores;HUELVA;04/04/2019;66
ECI stores;HUELVA;05/04/2019;162
ECI stores;HUELVA;06/04/2019;204
ECI stores;HUELVA;08/04/2019;147
ECI stores;HUELVA;09/04/2019;66
ECI stores;HUELVA;10/04/2019;234
ECI stores;HUELVA;11/04/2019;129
ECI stores;HUELVA;12/04/2019;219
ECI stores;HUELVA;13/04/2019;81
ECI stores;HUELVA;15/04/2019;48
ECI stores;HUELVA;16/04/2019;66
ECI stores;HUELVA;17/04/2019;105
ECI stores;HUELVA;20/04/2019;138
Street stores;HUESCA;01/03/2019;477
Street stores;HUESCA;02/03/2019;471
Street stores;HUESCA;04/03/2019;315
Street stores;HUESCA;05/03/2019;447
Street stores;HUESCA;06/03/2019;276
Street stores;HUESCA;07/03/2019;252
Street stores;HUESCA;08/03/2019;315
Street stores;HUESCA;09/03/2019;381
Street stores;HUESCA;11/03/2019;171
Street stores;HUESCA;12/03/2019;123
Street stores;HUESCA;13/03/2019;96
Street stores;HUESCA;14/03/2019;90
Street stores;HUESCA;15/03/2019;72
Street stores;HUESCA;16/03/2019;285
Street stores;HUESCA;18/03/2019;96
Street stores;HUESCA;19/03/2019;90
Street stores;HUESCA;20/03/2019;138
Street stores;HUESCA;21/03/2019;153
Street stores;HUESCA;22/03/2019;243
Street stores;HUESCA;23/03/2019;414
Street stores;HUESCA;25/03/2019;153
Street stores;HUESCA;26/03/2019;48
Street stores;HUESCA;27/03/2019;171
Street stores;HUESCA;28/03/2019;177
Street stores;HUESCA;29/03/2019;291
Street stores;HUESCA;30/03/2019;324
Street stores;HUESCA;01/04/2019;147
Street stores;HUESCA;02/04/2019;48
Street stores;HUESCA;03/04/2019;252
Street stores;HUESCA;04/04/2019;252
Street stores;HUESCA;05/04/2019;147
Street stores;HUESCA;06/04/2019;324
Street stores;HUESCA;08/04/2019;147
Street stores;HUESCA;09/04/2019;171
Street stores;HUESCA;10/04/2019;501
Street stores;HUESCA;11/04/2019;153
Street stores;HUESCA;12/04/2019;210
Street stores;HUESCA;13/04/2019;204
Street stores;HUESCA;15/04/2019;153
Street stores;HUESCA;16/04/2019;210
Street stores;HUESCA;17/04/2019;252
Street stores;HUESCA;20/04/2019;333
ECI stores;JAEN;01/03/2019;234
ECI stores;JAEN;02/03/2019;81
ECI stores;JAEN;04/03/2019;138
ECI stores;JAEN;05/03/2019;72
ECI stores;JAEN;06/03/2019;96
ECI stores;JAEN;07/03/2019;72
ECI stores;JAEN;08/03/2019;57
ECI stores;JAEN;09/03/2019;195
ECI stores;JAEN;11/03/2019;42
ECI stores;JAEN;12/03/2019;96
ECI stores;JAEN;13/03/2019;138
ECI stores;JAEN;14/03/2019;81
ECI stores;JAEN;15/03/2019;153
ECI stores;JAEN;16/03/2019;96
ECI stores;JAEN;18/03/2019;42
ECI stores;JAEN;19/03/2019;66
ECI stores;JAEN;20/03/2019;42
ECI stores;JAEN;21/03/2019;48
ECI stores;JAEN;22/03/2019;129
ECI stores;JAEN;23/03/2019;195
ECI stores;JAEN;25/03/2019;129
ECI stores;JAEN;26/03/2019;81
ECI stores;JAEN;27/03/2019;33
ECI stores;JAEN;28/03/2019;72
ECI stores;JAEN;29/03/2019;204
ECI stores;JAEN;30/03/2019;171
ECI stores;JAEN;01/04/2019;57
ECI stores;JAEN;02/04/2019;48
ECI stores;JAEN;03/04/2019;129
ECI stores;JAEN;04/04/2019;177
ECI stores;JAEN;05/04/2019;123
ECI stores;JAEN;06/04/2019;195
ECI stores;JAEN;08/04/2019;48
ECI stores;JAEN;09/04/2019;48
ECI stores;JAEN;10/04/2019;153
ECI stores;JAEN;11/04/2019;177
ECI stores;JAEN;12/04/2019;57
ECI stores;JAEN;13/04/2019;339
ECI stores;JAEN;15/04/2019;153
ECI stores;JAEN;16/04/2019;138
ECI stores;JAEN;17/04/2019;147
ECI stores;JAEN;20/04/2019;219
ECI stores;JEREZ;01/03/2019;714
ECI stores;JEREZ;02/03/2019;390
ECI stores;JEREZ;04/03/2019;357
ECI stores;JEREZ;05/03/2019;195
ECI stores;JEREZ;06/03/2019;276
ECI stores;JEREZ;07/03/2019;381
ECI stores;JEREZ;08/03/2019;519
ECI stores;JEREZ;09/03/2019;696
ECI stores;JEREZ;11/03/2019;390
ECI stores;JEREZ;12/03/2019;405
ECI stores;JEREZ;13/03/2019;438
ECI stores;JEREZ;14/03/2019;414
ECI stores;JEREZ;15/03/2019;420
ECI stores;JEREZ;16/03/2019;810
ECI stores;JEREZ;18/03/2019;462
ECI stores;JEREZ;19/03/2019;162
ECI stores;JEREZ;20/03/2019;339
ECI stores;JEREZ;21/03/2019;477
ECI stores;JEREZ;22/03/2019;681
ECI stores;JEREZ;23/03/2019;810
ECI stores;JEREZ;25/03/2019;324
ECI stores;JEREZ;26/03/2019;396
ECI stores;JEREZ;27/03/2019;285
ECI stores;JEREZ;28/03/2019;276
ECI stores;JEREZ;29/03/2019;558
ECI stores;JEREZ;30/03/2019;657
ECI stores;JEREZ;01/04/2019;372
ECI stores;JEREZ;02/04/2019;405
ECI stores;JEREZ;03/04/2019;438
ECI stores;JEREZ;04/04/2019;501
ECI stores;JEREZ;05/04/2019;624
ECI stores;JEREZ;06/04/2019;933
ECI stores;JEREZ;08/04/2019;243
ECI stores;JEREZ;09/04/2019;477
ECI stores;JEREZ;10/04/2019;705
ECI stores;JEREZ;11/04/2019;510
ECI stores;JEREZ;12/04/2019;600
ECI stores;JEREZ;13/04/2019;1068
ECI stores;JEREZ;15/04/2019;501
ECI stores;JEREZ;16/04/2019;744
ECI stores;JEREZ;17/04/2019;663
ECI stores;JEREZ;20/04/2019;1005
Online stores;MADRID;01/03/2019;2178
Online stores;MADRID;02/03/2019;1095
Online stores;MADRID;03/03/2019;1158
Online stores;MADRID;04/03/2019;1068
Online stores;MADRID;05/03/2019;1005
Online stores;MADRID;06/03/2019;1038
Online stores;MADRID;07/03/2019;810
Online stores;MADRID;08/03/2019;810
Online stores;MADRID;09/03/2019;534
Online stores;MADRID;10/03/2019;1044
Online stores;MADRID;11/03/2019;414
Online stores;MADRID;12/03/2019;438
Online stores;MADRID;13/03/2019;396
Online stores;MADRID;14/03/2019;906
Online stores;MADRID;15/03/2019;576
Online stores;MADRID;16/03/2019;429
Online stores;MADRID;17/03/2019;900
Online stores;MADRID;18/03/2019;777
Online stores;MADRID;19/03/2019;567
Online stores;MADRID;20/03/2019;486
Online stores;MADRID;21/03/2019;477
Online stores;MADRID;22/03/2019;957
Online stores;MADRID;23/03/2019;801
Online stores;MADRID;24/03/2019;987
Online stores;MADRID;25/03/2019;705
Online stores;MADRID;26/03/2019;1068
Online stores;MADRID;27/03/2019;519
Online stores;MADRID;28/03/2019;690
Online stores;MADRID;29/03/2019;801
Online stores;MADRID;30/03/2019;801
Online stores;MADRID;31/03/2019;1149
Online stores;MADRID;01/04/2019;486
Online stores;MADRID;02/04/2019;567
Online stores;MADRID;03/04/2019;315
Online stores;MADRID;04/04/2019;396
Online stores;MADRID;05/04/2019;366
Online stores;MADRID;06/04/2019;276
Online stores;MADRID;07/04/2019;543
Online stores;MADRID;08/04/2019;339
Online stores;MADRID;09/04/2019;948
Online stores;MADRID;10/04/2019;2553
Online stores;MADRID;11/04/2019;447
Online stores;MADRID;12/04/2019;381
Online stores;MADRID;13/04/2019;591
Online stores;MADRID;14/04/2019;219
Online stores;MADRID;15/04/2019;324
Online stores;MADRID;16/04/2019;333
Online stores;MADRID;17/04/2019;495
Online stores;MADRID;18/04/2019;366
Online stores;MADRID;19/04/2019;366
Online stores;MADRID;20/04/2019;414
Online stores;MADRID;21/04/2019;414
ECI stores;LEON;01/03/2019;177
ECI stores;LEON;02/03/2019;123
ECI stores;LEON;04/03/2019;90
ECI stores;LEON;08/03/2019;57
ECI stores;LEON;09/03/2019;2
ECI stores;LEON;11/03/2019;2
ECI stores;LEON;12/03/2019;42
ECI stores;LEON;13/03/2019;33
ECI stores;LEON;14/03/2019;42
ECI stores;LEON;15/03/2019;105
ECI stores;LEON;16/03/2019;105
ECI stores;LEON;17/03/2019;2
ECI stores;LEON;18/03/2019;33
ECI stores;LEON;21/03/2019;42
ECI stores;LEON;22/03/2019;66
ECI stores;LEON;23/03/2019;114
ECI stores;LEON;25/03/2019;81
ECI stores;LEON;26/03/2019;48
ECI stores;LEON;27/03/2019;33
ECI stores;LEON;28/03/2019;90
ECI stores;LEON;29/03/2019;129
ECI stores;LEON;30/03/2019;147
ECI stores;LEON;01/04/2019;48
ECI stores;LEON;02/04/2019;96
ECI stores;LEON;03/04/2019;33
ECI stores;LEON;04/04/2019;2
ECI stores;LEON;05/04/2019;81
ECI stores;LEON;06/04/2019;96
ECI stores;LEON;08/04/2019;96
ECI stores;LEON;09/04/2019;66
ECI stores;LEON;10/04/2019;24
ECI stores;LEON;11/04/2019;81
ECI stores;LEON;12/04/2019;72
ECI stores;LEON;13/04/2019;114
ECI stores;LEON;15/04/2019;90
ECI stores;LEON;16/04/2019;66
ECI stores;LEON;17/04/2019;57
ECI stores;LEON;18/04/2019;24
ECI stores;LEON;20/04/2019;147
Street stores;LUGO;01/03/2019;366
Street stores;LUGO;02/03/2019;324
Street stores;LUGO;04/03/2019;258
Street stores;LUGO;06/03/2019;204
Street stores;LUGO;07/03/2019;186
Street stores;LUGO;08/03/2019;309
Street stores;LUGO;09/03/2019;147
Street stores;LUGO;11/03/2019;105
Street stores;LUGO;12/03/2019;105
Street stores;LUGO;13/03/2019;129
Street stores;LUGO;14/03/2019;123
Street stores;LUGO;15/03/2019;186
Street stores;LUGO;16/03/2019;123
Street stores;LUGO;18/03/2019;381
Street stores;LUGO;20/03/2019;114
Street stores;LUGO;21/03/2019;138
Street stores;LUGO;22/03/2019;186
Street stores;LUGO;23/03/2019;414
Street stores;LUGO;25/03/2019;234
Street stores;LUGO;26/03/2019;171
Street stores;LUGO;27/03/2019;90
Street stores;LUGO;28/03/2019;195
Street stores;LUGO;29/03/2019;162
Street stores;LUGO;30/03/2019;204
Street stores;LUGO;01/04/2019;90
Street stores;LUGO;02/04/2019;228
Street stores;LUGO;03/04/2019;96
Street stores;LUGO;04/04/2019;33
Street stores;LUGO;05/04/2019;72
Street stores;LUGO;06/04/2019;147
Street stores;LUGO;08/04/2019;171
Street stores;LUGO;09/04/2019;96
Street stores;LUGO;10/04/2019;114
Street stores;LUGO;11/04/2019;171
Street stores;LUGO;12/04/2019;267
Street stores;LUGO;13/04/2019;162
Street stores;LUGO;15/04/2019;195
Street stores;LUGO;16/04/2019;267
Street stores;LUGO;17/04/2019;162
Street stores;LUGO;18/04/2019;72
Street stores;LUGO;20/04/2019;177
Street stores;MADRID;01/03/2019;4965
Street stores;MADRID;02/03/2019;4998
Street stores;MADRID;03/03/2019;3369
Street stores;MADRID;04/03/2019;3216
Street stores;MADRID;05/03/2019;2868
Street stores;MADRID;06/03/2019;3150
Street stores;MADRID;07/03/2019;3135
Street stores;MADRID;08/03/2019;3759
Street stores;MADRID;09/03/2019;4017
Street stores;MADRID;10/03/2019;2763
Street stores;MADRID;11/03/2019;2673
Street stores;MADRID;12/03/2019;2787
Street stores;MADRID;13/03/2019;2682
Street stores;MADRID;14/03/2019;2577
Street stores;MADRID;15/03/2019;3393
Street stores;MADRID;16/03/2019;3954
Street stores;MADRID;17/03/2019;2016
Street stores;MADRID;18/03/2019;1986
Street stores;MADRID;19/03/2019;2034
Street stores;MADRID;20/03/2019;2091
Street stores;MADRID;21/03/2019;2406
Street stores;MADRID;22/03/2019;3297
Street stores;MADRID;23/03/2019;4098
Street stores;MADRID;24/03/2019;2283
Street stores;MADRID;25/03/2019;2334
Street stores;MADRID;26/03/2019;2877
Street stores;MADRID;27/03/2019;2844
Street stores;MADRID;28/03/2019;3288
Street stores;MADRID;29/03/2019;4641
Street stores;MADRID;30/03/2019;5604
Street stores;MADRID;31/03/2019;4278
Street stores;MADRID;01/04/2019;2082
Street stores;MADRID;02/04/2019;2688
Street stores;MADRID;03/04/2019;2964
Street stores;MADRID;04/04/2019;2811
Street stores;MADRID;05/04/2019;3045
Street stores;MADRID;06/04/2019;4545
Street stores;MADRID;07/04/2019;2496
Street stores;MADRID;08/04/2019;2082
Street stores;MADRID;09/04/2019;2982
Street stores;MADRID;10/04/2019;4569
Street stores;MADRID;11/04/2019;3378
Street stores;MADRID;12/04/2019;3540
Street stores;MADRID;13/04/2019;4278
Street stores;MADRID;14/04/2019;2244
Street stores;MADRID;15/04/2019;3783
Street stores;MADRID;16/04/2019;3531
Street stores;MADRID;17/04/2019;3135
Street stores;MADRID;18/04/2019;1944
Street stores;MADRID;19/04/2019;1524
Street stores;MADRID;20/04/2019;2916
Street stores;MADRID;21/04/2019;1686
Shopping Center stores;MAJADAHONDA;01/03/2019;447
Shopping Center stores;MAJADAHONDA;02/03/2019;1206
Shopping Center stores;MAJADAHONDA;03/03/2019;933
Shopping Center stores;MAJADAHONDA;04/03/2019;333
Shopping Center stores;MAJADAHONDA;05/03/2019;348
Shopping Center stores;MAJADAHONDA;06/03/2019;348
Shopping Center stores;MAJADAHONDA;07/03/2019;324
Shopping Center stores;MAJADAHONDA;08/03/2019;405
Shopping Center stores;MAJADAHONDA;09/03/2019;1038
Shopping Center stores;MAJADAHONDA;10/03/2019;744
Shopping Center stores;MAJADAHONDA;11/03/2019;153
Shopping Center stores;MAJADAHONDA;12/03/2019;258
Shopping Center stores;MAJADAHONDA;13/03/2019;234
Shopping Center stores;MAJADAHONDA;14/03/2019;285
Shopping Center stores;MAJADAHONDA;15/03/2019;420
Shopping Center stores;MAJADAHONDA;16/03/2019;906
Shopping Center stores;MAJADAHONDA;17/03/2019;672
Shopping Center stores;MAJADAHONDA;18/03/2019;252
Shopping Center stores;MAJADAHONDA;19/03/2019;243
Shopping Center stores;MAJADAHONDA;20/03/2019;405
Shopping Center stores;MAJADAHONDA;21/03/2019;210
Shopping Center stores;MAJADAHONDA;22/03/2019;228
Shopping Center stores;MAJADAHONDA;23/03/2019;696
Shopping Center stores;MAJADAHONDA;24/03/2019;552
Shopping Center stores;MAJADAHONDA;25/03/2019;204
Shopping Center stores;MAJADAHONDA;26/03/2019;204
Shopping Center stores;MAJADAHONDA;27/03/2019;204
Shopping Center stores;MAJADAHONDA;28/03/2019;315
Shopping Center stores;MAJADAHONDA;29/03/2019;576
Shopping Center stores;MAJADAHONDA;30/03/2019;819
Shopping Center stores;MAJADAHONDA;31/03/2019;438
Shopping Center stores;MAJADAHONDA;01/04/2019;228
Shopping Center stores;MAJADAHONDA;02/04/2019;129
Shopping Center stores;MAJADAHONDA;03/04/2019;366
Shopping Center stores;MAJADAHONDA;04/04/2019;228
Shopping Center stores;MAJADAHONDA;05/04/2019;357
Shopping Center stores;MAJADAHONDA;06/04/2019;633
Shopping Center stores;MAJADAHONDA;07/04/2019;405
Shopping Center stores;MAJADAHONDA;08/04/2019;243
Shopping Center stores;MAJADAHONDA;09/04/2019;195
Shopping Center stores;MAJADAHONDA;10/04/2019;609
Shopping Center stores;MAJADAHONDA;11/04/2019;372
Shopping Center stores;MAJADAHONDA;12/04/2019;405
Shopping Center stores;MAJADAHONDA;13/04/2019;648
Shopping Center stores;MAJADAHONDA;14/04/2019;315
Shopping Center stores;MAJADAHONDA;15/04/2019;477
Shopping Center stores;MAJADAHONDA;16/04/2019;639
Shopping Center stores;MAJADAHONDA;17/04/2019;390
Shopping Center stores;MAJADAHONDA;18/04/2019;657
Shopping Center stores;MAJADAHONDA;19/04/2019;324
Shopping Center stores;MAJADAHONDA;20/04/2019;705
Shopping Center stores;MAJADAHONDA;21/04/2019;333
Shopping Center stores;MALAGA;01/03/2019;1125
Shopping Center stores;MALAGA;02/03/2019;972
Shopping Center stores;MALAGA;04/03/2019;453
Shopping Center stores;MALAGA;05/03/2019;558
Shopping Center stores;MALAGA;06/03/2019;801
Shopping Center stores;MALAGA;07/03/2019;690
Shopping Center stores;MALAGA;08/03/2019;633
Shopping Center stores;MALAGA;09/03/2019;933
Shopping Center stores;MALAGA;11/03/2019;462
Shopping Center stores;MALAGA;12/03/2019;681
Shopping Center stores;MALAGA;13/03/2019;447
Shopping Center stores;MALAGA;14/03/2019;543
Shopping Center stores;MALAGA;15/03/2019;615
Shopping Center stores;MALAGA;16/03/2019;987
Shopping Center stores;MALAGA;18/03/2019;228
Shopping Center stores;MALAGA;19/03/2019;438
Shopping Center stores;MALAGA;20/03/2019;771
Shopping Center stores;MALAGA;21/03/2019;576
Shopping Center stores;MALAGA;22/03/2019;405
Shopping Center stores;MALAGA;23/03/2019;825
Shopping Center stores;MALAGA;25/03/2019;447
Shopping Center stores;MALAGA;26/03/2019;609
Shopping Center stores;MALAGA;27/03/2019;315
Shopping Center stores;MALAGA;28/03/2019;552
Shopping Center stores;MALAGA;29/03/2019;414
Shopping Center stores;MALAGA;30/03/2019;981
Shopping Center stores;MALAGA;01/04/2019;552
Shopping Center stores;MALAGA;02/04/2019;396
Shopping Center stores;MALAGA;03/04/2019;615
Shopping Center stores;MALAGA;04/04/2019;390
Shopping Center stores;MALAGA;05/04/2019;729
Shopping Center stores;MALAGA;06/04/2019;1101
Shopping Center stores;MALAGA;08/04/2019;534
Shopping Center stores;MALAGA;09/04/2019;753
Shopping Center stores;MALAGA;10/04/2019;996
Shopping Center stores;MALAGA;11/04/2019;810
Shopping Center stores;MALAGA;12/04/2019;876
Shopping Center stores;MALAGA;13/04/2019;1305
Shopping Center stores;MALAGA;15/04/2019;933
Shopping Center stores;MALAGA;16/04/2019;495
Shopping Center stores;MALAGA;17/04/2019;810
Shopping Center stores;MALAGA;20/04/2019;786
ECI stores;MURCIA;01/03/2019;234
ECI stores;MURCIA;02/03/2019;267
ECI stores;MURCIA;04/03/2019;129
ECI stores;MURCIA;05/03/2019;42
ECI stores;MURCIA;06/03/2019;96
ECI stores;MURCIA;07/03/2019;153
ECI stores;MURCIA;08/03/2019;129
ECI stores;MURCIA;09/03/2019;348
ECI stores;MURCIA;11/03/2019;228
ECI stores;MURCIA;12/03/2019;234
ECI stores;MURCIA;13/03/2019;105
ECI stores;MURCIA;14/03/2019;300
ECI stores;MURCIA;15/03/2019;228
ECI stores;MURCIA;16/03/2019;300
ECI stores;MURCIA;18/03/2019;381
ECI stores;MURCIA;20/03/2019;147
ECI stores;MURCIA;21/03/2019;129
ECI stores;MURCIA;22/03/2019;138
ECI stores;MURCIA;23/03/2019;324
ECI stores;MURCIA;25/03/2019;171
ECI stores;MURCIA;26/03/2019;114
ECI stores;MURCIA;27/03/2019;90
ECI stores;MURCIA;28/03/2019;171
ECI stores;MURCIA;29/03/2019;105
ECI stores;MURCIA;01/04/2019;57
ECI stores;MURCIA;02/04/2019;171
ECI stores;MURCIA;03/04/2019;138
ECI stores;MURCIA;04/04/2019;147
ECI stores;MURCIA;05/04/2019;147
ECI stores;MURCIA;06/04/2019;195
ECI stores;MURCIA;08/04/2019;243
ECI stores;MURCIA;09/04/2019;147
ECI stores;MURCIA;10/04/2019;210
ECI stores;MURCIA;11/04/2019;204
ECI stores;MURCIA;12/04/2019;267
ECI stores;MURCIA;13/04/2019;258
ECI stores;MURCIA;15/04/2019;177
ECI stores;MURCIA;16/04/2019;234
ECI stores;MURCIA;17/04/2019;372
ECI stores;MURCIA;18/04/2019;228
ECI stores;MURCIA;20/04/2019;96
ECI stores;MURCIA;21/04/2019;96
Street stores;OVIEDO;01/03/2019;543
Street stores;OVIEDO;02/03/2019;843
Street stores;OVIEDO;04/03/2019;357
Street stores;OVIEDO;05/03/2019;477
Street stores;OVIEDO;06/03/2019;252
Street stores;OVIEDO;07/03/2019;486
Street stores;OVIEDO;08/03/2019;372
Street stores;OVIEDO;09/03/2019;495
Street stores;OVIEDO;11/03/2019;309
Street stores;OVIEDO;12/03/2019;447
Street stores;OVIEDO;13/03/2019;315
Street stores;OVIEDO;14/03/2019;324
Street stores;OVIEDO;15/03/2019;333
Street stores;OVIEDO;16/03/2019;366
Street stores;OVIEDO;18/03/2019;357
Street stores;OVIEDO;19/03/2019;90
Street stores;OVIEDO;20/03/2019;324
Street stores;OVIEDO;21/03/2019;447
Street stores;OVIEDO;22/03/2019;438
Street stores;OVIEDO;23/03/2019;438
Street stores;OVIEDO;25/03/2019;291
Street stores;OVIEDO;26/03/2019;300
Street stores;OVIEDO;27/03/2019;258
Street stores;OVIEDO;28/03/2019;372
Street stores;OVIEDO;29/03/2019;405
Street stores;OVIEDO;30/03/2019;447
Street stores;OVIEDO;01/04/2019;300
Street stores;OVIEDO;02/04/2019;333
Street stores;OVIEDO;03/04/2019;186
Street stores;OVIEDO;04/04/2019;357
Street stores;OVIEDO;05/04/2019;333
Street stores;OVIEDO;06/04/2019;339
Street stores;OVIEDO;08/04/2019;243
Street stores;OVIEDO;09/04/2019;453
Street stores;OVIEDO;10/04/2019;534
Street stores;OVIEDO;11/04/2019;501
Street stores;OVIEDO;12/04/2019;609
Street stores;OVIEDO;13/04/2019;705
Street stores;OVIEDO;15/04/2019;543
Street stores;OVIEDO;16/04/2019;528
Street stores;OVIEDO;17/04/2019;552
Street stores;OVIEDO;18/04/2019;267
Street stores;OVIEDO;20/04/2019;714
Street stores;PALMA DE MALLORCA;02/03/2019;987
Street stores;PALMA DE MALLORCA;04/03/2019;810
Street stores;PALMA DE MALLORCA;05/03/2019;429
Street stores;PALMA DE MALLORCA;06/03/2019;534
Street stores;PALMA DE MALLORCA;07/03/2019;519
Street stores;PALMA DE MALLORCA;08/03/2019;582
Street stores;PALMA DE MALLORCA;09/03/2019;852
Street stores;PALMA DE MALLORCA;11/03/2019;339
Street stores;PALMA DE MALLORCA;12/03/2019;300
Street stores;PALMA DE MALLORCA;13/03/2019;228
Street stores;PALMA DE MALLORCA;14/03/2019;291
Street stores;PALMA DE MALLORCA;15/03/2019;339
Street stores;PALMA DE MALLORCA;16/03/2019;825
Street stores;PALMA DE MALLORCA;18/03/2019;234
Street stores;PALMA DE MALLORCA;19/03/2019;210
Street stores;PALMA DE MALLORCA;20/03/2019;333
Street stores;PALMA DE MALLORCA;21/03/2019;300
Street stores;PALMA DE MALLORCA;22/03/2019;324
Street stores;PALMA DE MALLORCA;23/03/2019;582
Street stores;PALMA DE MALLORCA;25/03/2019;447
Street stores;PALMA DE MALLORCA;26/03/2019;267
Street stores;PALMA DE MALLORCA;27/03/2019;600
Street stores;PALMA DE MALLORCA;28/03/2019;582
Street stores;PALMA DE MALLORCA;29/03/2019;567
Street stores;PALMA DE MALLORCA;30/03/2019;801
Street stores;PALMA DE MALLORCA;01/04/2019;447
Street stores;PALMA DE MALLORCA;02/04/2019;471
Street stores;PALMA DE MALLORCA;03/04/2019;495
Street stores;PALMA DE MALLORCA;04/04/2019;414
Street stores;PALMA DE MALLORCA;05/04/2019;729
Street stores;PALMA DE MALLORCA;06/04/2019;819
Street stores;PALMA DE MALLORCA;08/04/2019;663
Street stores;PALMA DE MALLORCA;09/04/2019;420
Street stores;PALMA DE MALLORCA;10/04/2019;744
Street stores;PALMA DE MALLORCA;11/04/2019;558
Street stores;PALMA DE MALLORCA;12/04/2019;633
Street stores;PALMA DE MALLORCA;13/04/2019;1125
Street stores;PALMA DE MALLORCA;15/04/2019;753
Street stores;PALMA DE MALLORCA;16/04/2019;519
Street stores;PALMA DE MALLORCA;17/04/2019;690
Street stores;PALMA DE MALLORCA;18/04/2019;714
Street stores;PALMA DE MALLORCA;20/04/2019;1263
Street stores;PAMPLONA;01/03/2019;462
Street stores;PAMPLONA;02/03/2019;744
Street stores;PAMPLONA;04/03/2019;891
Street stores;PAMPLONA;05/03/2019;309
Street stores;PAMPLONA;06/03/2019;243
Street stores;PAMPLONA;07/03/2019;510
Street stores;PAMPLONA;08/03/2019;372
Street stores;PAMPLONA;09/03/2019;462
Street stores;PAMPLONA;11/03/2019;147
Street stores;PAMPLONA;12/03/2019;267
Street stores;PAMPLONA;13/03/2019;234
Street stores;PAMPLONA;14/03/2019;123
Street stores;PAMPLONA;15/03/2019;138
Street stores;PAMPLONA;16/03/2019;414
Street stores;PAMPLONA;18/03/2019;357
Street stores;PAMPLONA;20/03/2019;171
Street stores;PAMPLONA;21/03/2019;285
Street stores;PAMPLONA;22/03/2019;366
Street stores;PAMPLONA;23/03/2019;420
Street stores;PAMPLONA;25/03/2019;195
Street stores;PAMPLONA;26/03/2019;252
Street stores;PAMPLONA;27/03/2019;228
Street stores;PAMPLONA;28/03/2019;447
Street stores;PAMPLONA;29/03/2019;309
Street stores;PAMPLONA;30/03/2019;696
Street stores;PAMPLONA;01/04/2019;291
Street stores;PAMPLONA;02/04/2019;258
Street stores;PAMPLONA;03/04/2019;291
Street stores;PAMPLONA;04/04/2019;210
Street stores;PAMPLONA;05/04/2019;267
Street stores;PAMPLONA;06/04/2019;609
Street stores;PAMPLONA;08/04/2019;219
Street stores;PAMPLONA;09/04/2019;234
Street stores;PAMPLONA;10/04/2019;615
Street stores;PAMPLONA;11/04/2019;414
Street stores;PAMPLONA;12/04/2019;276
Street stores;PAMPLONA;13/04/2019;663
Street stores;PAMPLONA;15/04/2019;405
Street stores;PAMPLONA;16/04/2019;453
Street stores;PAMPLONA;17/04/2019;429
Street stores;PAMPLONA;18/04/2019;309
Street stores;PAMPLONA;20/04/2019;486
ECI stores;POZUELO;01/03/2019;114
ECI stores;POZUELO;02/03/2019;81
ECI stores;POZUELO;04/03/2019;42
ECI stores;POZUELO;05/03/2019;-24
ECI stores;POZUELO;06/03/2019;114
ECI stores;POZUELO;07/03/2019;66
ECI stores;POZUELO;08/03/2019;42
ECI stores;POZUELO;09/03/2019;228
ECI stores;POZUELO;11/03/2019;96
ECI stores;POZUELO;12/03/2019;96
ECI stores;POZUELO;13/03/2019;153
ECI stores;POZUELO;14/03/2019;72
ECI stores;POZUELO;15/03/2019;210
ECI stores;POZUELO;16/03/2019;153
ECI stores;POZUELO;17/03/2019;81
ECI stores;POZUELO;19/03/2019;-42
ECI stores;POZUELO;20/03/2019;72
ECI stores;POZUELO;21/03/2019;204
ECI stores;POZUELO;22/03/2019;114
ECI stores;POZUELO;23/03/2019;105
ECI stores;POZUELO;24/03/2019;42
ECI stores;POZUELO;25/03/2019;114
ECI stores;POZUELO;27/03/2019;42
ECI stores;POZUELO;28/03/2019;105
ECI stores;POZUELO;29/03/2019;57
ECI stores;POZUELO;30/03/2019;72
ECI stores;POZUELO;31/03/2019;90
ECI stores;POZUELO;01/04/2019;48
ECI stores;POZUELO;02/04/2019;147
ECI stores;POZUELO;03/04/2019;123
ECI stores;POZUELO;04/04/2019;81
ECI stores;POZUELO;05/04/2019;66
ECI stores;POZUELO;06/04/2019;162
ECI stores;POZUELO;07/04/2019;171
ECI stores;POZUELO;08/04/2019;114
ECI stores;POZUELO;09/04/2019;42
ECI stores;POZUELO;10/04/2019;24
ECI stores;POZUELO;11/04/2019;42
ECI stores;POZUELO;12/04/2019;0
ECI stores;POZUELO;13/04/2019;114
ECI stores;POZUELO;15/04/2019;42
ECI stores;POZUELO;16/04/2019;114
ECI stores;POZUELO;17/04/2019;66
ECI stores;POZUELO;18/04/2019;57
ECI stores;POZUELO;19/04/2019;72
ECI stores;POZUELO;20/04/2019;90
ECI stores;POZUELO;21/04/2019;57
Shopping Center stores;SANTANDER;01/03/2019;1338
Shopping Center stores;SANTANDER;02/03/2019;1101
Shopping Center stores;SANTANDER;04/03/2019;939
Shopping Center stores;SANTANDER;05/03/2019;738
Shopping Center stores;SANTANDER;06/03/2019;771
Shopping Center stores;SANTANDER;07/03/2019;777
Shopping Center stores;SANTANDER;08/03/2019;867
Shopping Center stores;SANTANDER;09/03/2019;738
Shopping Center stores;SANTANDER;11/03/2019;582
Shopping Center stores;SANTANDER;12/03/2019;852
Shopping Center stores;SANTANDER;13/03/2019;663
Shopping Center stores;SANTANDER;14/03/2019;591
Shopping Center stores;SANTANDER;15/03/2019;1101
Shopping Center stores;SANTANDER;16/03/2019;1014
Shopping Center stores;SANTANDER;18/03/2019;663
Shopping Center stores;SANTANDER;19/03/2019;396
Shopping Center stores;SANTANDER;20/03/2019;528
Shopping Center stores;SANTANDER;21/03/2019;396
Shopping Center stores;SANTANDER;22/03/2019;714
Shopping Center stores;SANTANDER;23/03/2019;981
Shopping Center stores;SANTANDER;25/03/2019;609
Shopping Center stores;SANTANDER;26/03/2019;510
Shopping Center stores;SANTANDER;27/03/2019;390
Shopping Center stores;SANTANDER;28/03/2019;663
Shopping Center stores;SANTANDER;29/03/2019;771
Shopping Center stores;SANTANDER;30/03/2019;672
Shopping Center stores;SANTANDER;01/04/2019;582
Shopping Center stores;SANTANDER;02/04/2019;462
Shopping Center stores;SANTANDER;03/04/2019;429
Shopping Center stores;SANTANDER;04/04/2019;414
Shopping Center stores;SANTANDER;05/04/2019;372
Shopping Center stores;SANTANDER;06/04/2019;777
Shopping Center stores;SANTANDER;08/04/2019;462
Shopping Center stores;SANTANDER;09/04/2019;591
Shopping Center stores;SANTANDER;10/04/2019;933
Shopping Center stores;SANTANDER;11/04/2019;495
Shopping Center stores;SANTANDER;12/04/2019;567
Shopping Center stores;SANTANDER;13/04/2019;819
Shopping Center stores;SANTANDER;15/04/2019;420
Shopping Center stores;SANTANDER;16/04/2019;786
Shopping Center stores;SANTANDER;17/04/2019;786
Shopping Center stores;SANTANDER;18/04/2019;834
Shopping Center stores;SANTANDER;20/04/2019;825
Shopping Center stores;SANTANDER;21/04/2019;219
Street stores;SEGOVIA;01/03/2019;567
Street stores;SEGOVIA;02/03/2019;324
Street stores;SEGOVIA;04/03/2019;396
Street stores;SEGOVIA;05/03/2019;501
Street stores;SEGOVIA;06/03/2019;285
Street stores;SEGOVIA;07/03/2019;396
Street stores;SEGOVIA;08/03/2019;267
Street stores;SEGOVIA;09/03/2019;528
Street stores;SEGOVIA;11/03/2019;405
Street stores;SEGOVIA;12/03/2019;234
Street stores;SEGOVIA;13/03/2019;381
Street stores;SEGOVIA;14/03/2019;429
Street stores;SEGOVIA;15/03/2019;276
Street stores;SEGOVIA;16/03/2019;267
Street stores;SEGOVIA;18/03/2019;90
Street stores;SEGOVIA;19/03/2019;57
Street stores;SEGOVIA;20/03/2019;219
Street stores;SEGOVIA;21/03/2019;171
Street stores;SEGOVIA;22/03/2019;267
Street stores;SEGOVIA;23/03/2019;291
Street stores;SEGOVIA;25/03/2019;48
Street stores;SEGOVIA;26/03/2019;204
Street stores;SEGOVIA;27/03/2019;252
Street stores;SEGOVIA;28/03/2019;177
Street stores;SEGOVIA;29/03/2019;372
Street stores;SEGOVIA;30/03/2019;267
Street stores;SEGOVIA;01/04/2019;300
Street stores;SEGOVIA;02/04/2019;204
Street stores;SEGOVIA;03/04/2019;204
Street stores;SEGOVIA;04/04/2019;210
Street stores;SEGOVIA;05/04/2019;90
Street stores;SEGOVIA;06/04/2019;219
Street stores;SEGOVIA;08/04/2019;153
Street stores;SEGOVIA;09/04/2019;195
Street stores;SEGOVIA;10/04/2019;390
Street stores;SEGOVIA;11/04/2019;276
Street stores;SEGOVIA;12/04/2019;252
Street stores;SEGOVIA;13/04/2019;219
Street stores;SEGOVIA;15/04/2019;501
Street stores;SEGOVIA;16/04/2019;477
Street stores;SEGOVIA;17/04/2019;276
Street stores;SEGOVIA;18/04/2019;24
Street stores;SEGOVIA;20/04/2019;243
Shopping Center stores;SEVILLA;01/03/2019;2091
Shopping Center stores;SEVILLA;02/03/2019;2415
Shopping Center stores;SEVILLA;04/03/2019;1224
Shopping Center stores;SEVILLA;05/03/2019;1200
Shopping Center stores;SEVILLA;06/03/2019;1095
Shopping Center stores;SEVILLA;07/03/2019;1086
Shopping Center stores;SEVILLA;08/03/2019;1386
Shopping Center stores;SEVILLA;09/03/2019;2445
Shopping Center stores;SEVILLA;11/03/2019;1167
Shopping Center stores;SEVILLA;12/03/2019;1419
Shopping Center stores;SEVILLA;13/03/2019;1281
Shopping Center stores;SEVILLA;14/03/2019;996
Shopping Center stores;SEVILLA;15/03/2019;1797
Shopping Center stores;SEVILLA;16/03/2019;2553
Shopping Center stores;SEVILLA;18/03/2019;1215
Shopping Center stores;SEVILLA;19/03/2019;1425
Shopping Center stores;SEVILLA;20/03/2019;1449
Shopping Center stores;SEVILLA;21/03/2019;957
Shopping Center stores;SEVILLA;22/03/2019;1548
Shopping Center stores;SEVILLA;23/03/2019;2811
Shopping Center stores;SEVILLA;25/03/2019;1239
Shopping Center stores;SEVILLA;26/03/2019;981
Shopping Center stores;SEVILLA;27/03/2019;1077
Shopping Center stores;SEVILLA;28/03/2019;1644
Shopping Center stores;SEVILLA;29/03/2019;1929
Shopping Center stores;SEVILLA;30/03/2019;3168
Shopping Center stores;SEVILLA;01/04/2019;1230
Shopping Center stores;SEVILLA;02/04/2019;1362
Shopping Center stores;SEVILLA;03/04/2019;1920
Shopping Center stores;SEVILLA;04/04/2019;1767
Shopping Center stores;SEVILLA;05/04/2019;2148
Shopping Center stores;SEVILLA;06/04/2019;3822
Street stores;SEVILLA;07/04/2019;372
Shopping Center stores;SEVILLA;08/04/2019;1878
Shopping Center stores;SEVILLA;09/04/2019;2172
Shopping Center stores;SEVILLA;10/04/2019;3336
Shopping Center stores;SEVILLA;11/04/2019;2730
Shopping Center stores;SEVILLA;12/04/2019;3225
Shopping Center stores;SEVILLA;13/04/2019;4245
Shopping Center stores;SEVILLA;15/04/2019;1920
Shopping Center stores;SEVILLA;16/04/2019;1686
Shopping Center stores;SEVILLA;17/04/2019;2001
ECI stores;SEVILLA;18/04/2019;24
ECI stores;SEVILLA;19/04/2019;2
Shopping Center stores;SEVILLA;20/04/2019;2745
ECI stores;SEVILLA;21/04/2019;129
ECI stores;TARRAGONA;01/03/2019;195
ECI stores;TARRAGONA;02/03/2019;219
ECI stores;TARRAGONA;04/03/2019;42
ECI stores;TARRAGONA;05/03/2019;0
ECI stores;TARRAGONA;06/03/2019;-15
ECI stores;TARRAGONA;07/03/2019;0
ECI stores;TARRAGONA;08/03/2019;24
ECI stores;TARRAGONA;09/03/2019;96
ECI stores;TARRAGONA;11/03/2019;114
ECI stores;TARRAGONA;12/03/2019;72
ECI stores;TARRAGONA;13/03/2019;96
ECI stores;TARRAGONA;14/03/2019;42
ECI stores;TARRAGONA;15/03/2019;42
ECI stores;TARRAGONA;16/03/2019;42
ECI stores;TARRAGONA;18/03/2019;24
ECI stores;TARRAGONA;19/03/2019;24
ECI stores;TARRAGONA;20/03/2019;72
ECI stores;TARRAGONA;21/03/2019;24
ECI stores;TARRAGONA;22/03/2019;66
ECI stores;TARRAGONA;23/03/2019;42
ECI stores;TARRAGONA;25/03/2019;81
ECI stores;TARRAGONA;26/03/2019;114
ECI stores;TARRAGONA;27/03/2019;147
ECI stores;TARRAGONA;28/03/2019;210
ECI stores;TARRAGONA;29/03/2019;123
ECI stores;TARRAGONA;30/03/2019;258
ECI stores;TARRAGONA;01/04/2019;42
ECI stores;TARRAGONA;02/04/2019;66
ECI stores;TARRAGONA;03/04/2019;171
ECI stores;TARRAGONA;04/04/2019;81
ECI stores;TARRAGONA;05/04/2019;81
ECI stores;TARRAGONA;06/04/2019;153
ECI stores;TARRAGONA;08/04/2019;114
ECI stores;TARRAGONA;09/04/2019;66
ECI stores;TARRAGONA;10/04/2019;90
ECI stores;TARRAGONA;11/04/2019;96
ECI stores;TARRAGONA;12/04/2019;105
ECI stores;TARRAGONA;13/04/2019;153
ECI stores;TARRAGONA;15/04/2019;72
ECI stores;TARRAGONA;16/04/2019;48
ECI stores;TARRAGONA;17/04/2019;81
ECI stores;TARRAGONA;18/04/2019;90
ECI stores;TARRAGONA;20/04/2019;186
Shopping Center stores;TOLEDO;01/03/2019;1086
Shopping Center stores;TOLEDO;02/03/2019;963
Shopping Center stores;TOLEDO;04/03/2019;987
Shopping Center stores;TOLEDO;05/03/2019;720
Shopping Center stores;TOLEDO;06/03/2019;744
Shopping Center stores;TOLEDO;07/03/2019;582
Shopping Center stores;TOLEDO;08/03/2019;1044
Shopping Center stores;TOLEDO;09/03/2019;1086
Shopping Center stores;TOLEDO;11/03/2019;729
Shopping Center stores;TOLEDO;12/03/2019;372
Shopping Center stores;TOLEDO;13/03/2019;243
Shopping Center stores;TOLEDO;14/03/2019;324
Shopping Center stores;TOLEDO;15/03/2019;390
Shopping Center stores;TOLEDO;16/03/2019;720
Shopping Center stores;TOLEDO;18/03/2019;372
Shopping Center stores;TOLEDO;20/03/2019;366
Shopping Center stores;TOLEDO;21/03/2019;276
Shopping Center stores;TOLEDO;22/03/2019;477
Shopping Center stores;TOLEDO;23/03/2019;933
Shopping Center stores;TOLEDO;25/03/2019;381
Shopping Center stores;TOLEDO;26/03/2019;339
Shopping Center stores;TOLEDO;27/03/2019;348
Shopping Center stores;TOLEDO;28/03/2019;477
Shopping Center stores;TOLEDO;29/03/2019;657
Shopping Center stores;TOLEDO;30/03/2019;1158
Shopping Center stores;TOLEDO;01/04/2019;390
Shopping Center stores;TOLEDO;02/04/2019;567
Shopping Center stores;TOLEDO;03/04/2019;510
Shopping Center stores;TOLEDO;04/04/2019;552
Shopping Center stores;TOLEDO;05/04/2019;558
Shopping Center stores;TOLEDO;06/04/2019;1020
Shopping Center stores;TOLEDO;08/04/2019;309
Shopping Center stores;TOLEDO;09/04/2019;324
Shopping Center stores;TOLEDO;10/04/2019;1044
Shopping Center stores;TOLEDO;11/04/2019;633
Shopping Center stores;TOLEDO;12/04/2019;552
Shopping Center stores;TOLEDO;13/04/2019;1239
Shopping Center stores;TOLEDO;15/04/2019;795
Shopping Center stores;TOLEDO;16/04/2019;906
Shopping Center stores;TOLEDO;17/04/2019;939
Shopping Center stores;TOLEDO;18/04/2019;696
Shopping Center stores;TOLEDO;20/04/2019;900
Shopping Center stores;VALENCIA;01/03/2019;1311
Shopping Center stores;VALENCIA;02/03/2019;2091
Shopping Center stores;VALENCIA;04/03/2019;420
Shopping Center stores;VALENCIA;05/03/2019;867
Shopping Center stores;VALENCIA;06/03/2019;882
Shopping Center stores;VALENCIA;07/03/2019;972
Shopping Center stores;VALENCIA;08/03/2019;1191
Shopping Center stores;VALENCIA;09/03/2019;1743
Shopping Center stores;VALENCIA;11/03/2019;762
Shopping Center stores;VALENCIA;12/03/2019;963
Shopping Center stores;VALENCIA;13/03/2019;843
Shopping Center stores;VALENCIA;14/03/2019;705
Shopping Center stores;VALENCIA;15/03/2019;1038
Shopping Center stores;VALENCIA;16/03/2019;981
Shopping Center stores;VALENCIA;18/03/2019;996
Shopping Center stores;VALENCIA;20/03/2019;396
Shopping Center stores;VALENCIA;21/03/2019;501
Shopping Center stores;VALENCIA;22/03/2019;900
Shopping Center stores;VALENCIA;23/03/2019;1863
Shopping Center stores;VALENCIA;25/03/2019;567
Shopping Center stores;VALENCIA;26/03/2019;543
Shopping Center stores;VALENCIA;27/03/2019;681
Shopping Center stores;VALENCIA;28/03/2019;720
Shopping Center stores;VALENCIA;29/03/2019;1125
Shopping Center stores;VALENCIA;30/03/2019;1611
Shopping Center stores;VALENCIA;01/04/2019;639
Shopping Center stores;VALENCIA;02/04/2019;657
Shopping Center stores;VALENCIA;03/04/2019;786
Shopping Center stores;VALENCIA;04/04/2019;771
Shopping Center stores;VALENCIA;05/04/2019;972
Shopping Center stores;VALENCIA;06/04/2019;2334
Shopping Center stores;VALENCIA;08/04/2019;771
Shopping Center stores;VALENCIA;09/04/2019;696
Shopping Center stores;VALENCIA;10/04/2019;1410
Shopping Center stores;VALENCIA;11/04/2019;1068
Shopping Center stores;VALENCIA;12/04/2019;1353
Shopping Center stores;VALENCIA;13/04/2019;1734
Shopping Center stores;VALENCIA;14/04/2019;744
Shopping Center stores;VALENCIA;15/04/2019;1062
Shopping Center stores;VALENCIA;16/04/2019;1191
Shopping Center stores;VALENCIA;17/04/2019;1158
Shopping Center stores;VALENCIA;18/04/2019;1353
Shopping Center stores;VALENCIA;19/04/2019;705
Shopping Center stores;VALENCIA;20/04/2019;1581
Shopping Center stores;VALENCIA;21/04/2019;957
Street stores;VALLADOLID;01/03/2019;690
Street stores;VALLADOLID;02/03/2019;705
Street stores;VALLADOLID;04/03/2019;438
Street stores;VALLADOLID;05/03/2019;90
Street stores;VALLADOLID;06/03/2019;171
Street stores;VALLADOLID;07/03/2019;300
Street stores;VALLADOLID;08/03/2019;258
Street stores;VALLADOLID;09/03/2019;414
Street stores;VALLADOLID;11/03/2019;177
Street stores;VALLADOLID;12/03/2019;252
Street stores;VALLADOLID;13/03/2019;147
Street stores;VALLADOLID;14/03/2019;105
Street stores;VALLADOLID;15/03/2019;300
Street stores;VALLADOLID;16/03/2019;285
ECI stores;VALLADOLID;17/03/2019;33
Street stores;VALLADOLID;18/03/2019;324
Street stores;VALLADOLID;19/03/2019;186
Street stores;VALLADOLID;20/03/2019;315
Street stores;VALLADOLID;21/03/2019;147
Street stores;VALLADOLID;22/03/2019;339
Street stores;VALLADOLID;23/03/2019;372
Street stores;VALLADOLID;25/03/2019;210
Street stores;VALLADOLID;26/03/2019;204
Street stores;VALLADOLID;27/03/2019;267
Street stores;VALLADOLID;28/03/2019;429
Street stores;VALLADOLID;29/03/2019;420
Street stores;VALLADOLID;30/03/2019;600
Street stores;VALLADOLID;01/04/2019;324
Street stores;VALLADOLID;02/04/2019;381
Street stores;VALLADOLID;03/04/2019;147
Street stores;VALLADOLID;04/04/2019;147
Street stores;VALLADOLID;05/04/2019;204
Street stores;VALLADOLID;06/04/2019;315
Street stores;VALLADOLID;08/04/2019;291
Street stores;VALLADOLID;09/04/2019;147
Street stores;VALLADOLID;10/04/2019;510
Street stores;VALLADOLID;11/04/2019;405
Street stores;VALLADOLID;12/04/2019;486
Street stores;VALLADOLID;13/04/2019;639
Street stores;VALLADOLID;15/04/2019;414
Street stores;VALLADOLID;16/04/2019;519
Street stores;VALLADOLID;17/04/2019;552
Street stores;VALLADOLID;18/04/2019;138
Street stores;VALLADOLID;20/04/2019;429
ECI stores;VALLADOLID;21/04/2019;72
Shopping Center stores;VIGO;01/03/2019;762
Shopping Center stores;VIGO;02/03/2019;900
Shopping Center stores;VIGO;04/03/2019;762
Shopping Center stores;VIGO;05/03/2019;810
Shopping Center stores;VIGO;06/03/2019;534
Shopping Center stores;VIGO;07/03/2019;510
Shopping Center stores;VIGO;08/03/2019;291
Shopping Center stores;VIGO;09/03/2019;648
Shopping Center stores;VIGO;11/03/2019;396
Shopping Center stores;VIGO;12/03/2019;438
Shopping Center stores;VIGO;13/03/2019;171
Shopping Center stores;VIGO;14/03/2019;357
Shopping Center stores;VIGO;15/03/2019;420
Shopping Center stores;VIGO;16/03/2019;582
Shopping Center stores;VIGO;18/03/2019;729
Shopping Center stores;VIGO;20/03/2019;267
Shopping Center stores;VIGO;21/03/2019;420
Shopping Center stores;VIGO;22/03/2019;414
Shopping Center stores;VIGO;23/03/2019;624
Shopping Center stores;VIGO;25/03/2019;609
Shopping Center stores;VIGO;26/03/2019;543
Shopping Center stores;VIGO;27/03/2019;582
Shopping Center stores;VIGO;29/03/2019;924
Shopping Center stores;VIGO;30/03/2019;876
Shopping Center stores;VIGO;01/04/2019;390
Shopping Center stores;VIGO;02/04/2019;567
Shopping Center stores;VIGO;03/04/2019;381
Shopping Center stores;VIGO;04/04/2019;390
Shopping Center stores;VIGO;05/04/2019;534
Shopping Center stores;VIGO;06/04/2019;696
Shopping Center stores;VIGO;08/04/2019;477
Shopping Center stores;VIGO;09/04/2019;447
Shopping Center stores;VIGO;10/04/2019;1158
Shopping Center stores;VIGO;11/04/2019;396
Shopping Center stores;VIGO;12/04/2019;609
Shopping Center stores;VIGO;13/04/2019;996
Shopping Center stores;VIGO;15/04/2019;501
Shopping Center stores;VIGO;16/04/2019;600
Shopping Center stores;VIGO;17/04/2019;609
Shopping Center stores;VIGO;18/04/2019;453
Shopping Center stores;VIGO;20/04/2019;1125
ECI stores;VITORIA;01/03/2019;405
ECI stores;VITORIA;02/03/2019;438
ECI stores;VITORIA;04/03/2019;333
ECI stores;VITORIA;05/03/2019;372
ECI stores;VITORIA;06/03/2019;357
ECI stores;VITORIA;07/03/2019;357
ECI stores;VITORIA;08/03/2019;339
ECI stores;VITORIA;09/03/2019;843
ECI stores;VITORIA;11/03/2019;258
ECI stores;VITORIA;12/03/2019;219
ECI stores;VITORIA;13/03/2019;300
ECI stores;VITORIA;14/03/2019;267
ECI stores;VITORIA;15/03/2019;333
ECI stores;VITORIA;16/03/2019;462
ECI stores;VITORIA;18/03/2019;633
ECI stores;VITORIA;20/03/2019;162
ECI stores;VITORIA;21/03/2019;171
ECI stores;VITORIA;22/03/2019;243
ECI stores;VITORIA;23/03/2019;696
ECI stores;VITORIA;25/03/2019;348
ECI stores;VITORIA;26/03/2019;333
ECI stores;VITORIA;27/03/2019;195
ECI stores;VITORIA;28/03/2019;381
ECI stores;VITORIA;29/03/2019;591
ECI stores;VITORIA;30/03/2019;939
ECI stores;VITORIA;01/04/2019;405
ECI stores;VITORIA;02/04/2019;285
ECI stores;VITORIA;03/04/2019;333
ECI stores;VITORIA;04/04/2019;258
ECI stores;VITORIA;05/04/2019;396
ECI stores;VITORIA;06/04/2019;1143
ECI stores;VITORIA;08/04/2019;291
ECI stores;VITORIA;09/04/2019;615
ECI stores;VITORIA;10/04/2019;696
ECI stores;VITORIA;11/04/2019;366
ECI stores;VITORIA;12/04/2019;501
ECI stores;VITORIA;13/04/2019;762
ECI stores;VITORIA;15/04/2019;228
ECI stores;VITORIA;16/04/2019;552
ECI stores;VITORIA;17/04/2019;633
ECI stores;VITORIA;20/04/2019;801
Street stores;ZAMORA;01/03/2019;228
Street stores;ZAMORA;02/03/2019;396
Street stores;ZAMORA;04/03/2019;204
Street stores;ZAMORA;05/03/2019;285
Street stores;ZAMORA;06/03/2019;33
Street stores;ZAMORA;07/03/2019;129
Street stores;ZAMORA;08/03/2019;138
Street stores;ZAMORA;09/03/2019;285
Street stores;ZAMORA;11/03/2019;177
Street stores;ZAMORA;12/03/2019;219
Street stores;ZAMORA;13/03/2019;96
Street stores;ZAMORA;14/03/2019;66
Street stores;ZAMORA;15/03/2019;96
Street stores;ZAMORA;16/03/2019;300
Street stores;ZAMORA;18/03/2019;114
Street stores;ZAMORA;19/03/2019;81
Street stores;ZAMORA;20/03/2019;153
Street stores;ZAMORA;21/03/2019;210
Street stores;ZAMORA;22/03/2019;81
Street stores;ZAMORA;23/03/2019;276
Street stores;ZAMORA;25/03/2019;66
Street stores;ZAMORA;26/03/2019;147
Street stores;ZAMORA;27/03/2019;90
Street stores;ZAMORA;28/03/2019;96
Street stores;ZAMORA;29/03/2019;171
Street stores;ZAMORA;30/03/2019;267
Street stores;ZAMORA;01/04/2019;114
Street stores;ZAMORA;02/04/2019;129
Street stores;ZAMORA;03/04/2019;219
Street stores;ZAMORA;04/04/2019;72
Street stores;ZAMORA;05/04/2019;210
Street stores;ZAMORA;06/04/2019;147
Street stores;ZAMORA;08/04/2019;129
Street stores;ZAMORA;09/04/2019;105
Street stores;ZAMORA;10/04/2019;438
Street stores;ZAMORA;11/04/2019;186
Street stores;ZAMORA;12/04/2019;195
Street stores;ZAMORA;13/04/2019;309
Street stores;ZAMORA;15/04/2019;471
Street stores;ZAMORA;16/04/2019;372
Street stores;ZAMORA;17/04/2019;372
Street stores;ZAMORA;18/04/2019;96
Street stores;ZAMORA;20/04/2019;582